{"_id":"5c1a010ae61b49b43c4b4864","index":0,"age":35,"eyeColor":"green","name":"Wiggins Holman","address":"247 Thatford Avenue, Oneida,Puerto Rico, 7233","friends":[{"id":0,"name":"Carmela Hampton"},{"id":1,"name":"Lynda Pittman"},{"id":2,"name":"Cleveland Noble"}]}
{"_id":"5c1a010a9b07961bd0726cae","index":1,"age":37,"eyeColor":"blue","name":"Velasquez Stevenson","address":"461 Lawrence Avenue,Geyserville, Northern Mariana Islands,876","friends":[{"id":0,"name":"Petra Middleton"},{"id":1,"name":"Cervantes Farmer"},{"id":2,"name":"Ursula Vinson"}]}
{"_id":"5c1a010ac0a5b589b0a5da9d","index":2,"age":22,"eyeColor":"brown","name":"GuadalupeBoyle","address":"593 Wythe Avenue, Seymour, California, 5552","friends":[{"id":0,"name":"Sharron Kerr"},{"id":1,"name":"Eugenia Gould"},{"id":2,"name":"Kathy Wilkerson"}]}
{"_id":"5c1a010af38338f5494192a7","index":3,"age":33,"eyeColor":"green","name":"MuellerTrujillo","address":"758 Kiely Place,Winesburg,SouthDakota, 1289","friends":[{"id":0,"name":"Slater  Keller"},{"id":1,"name":"Morrow Rhodes"},{"id":2,"name":"Carly Johns"}]}
{"_id":"5c1a010a832c47b8ef7b86d0","index":4,"age":29,"eyeColor":"blue","name":"HullMcclure","address":"885 Tapscott Street, Rivereno, Minnesota, 9408","friends":[{"id":0,"name":"Lakeisha Walter"},{"id":1,"name":"Sherman Rasmussen"},{"id":2,"name":"Tonya Ford"}]}
{"_id":"5c1a010a0ff9c2029e0e6097","index":5,"age":37,"eyeColor":"green","name":"LethaFernandez","address":"344 Adler Place, Boling, Louisiana, 4897","friends":[{"id":0,"name":"Olive Durham"},{"id":1,"name":"Bridget Burgess"},{"id":2,"name":"Peck Garza"}]}
{"_id":"5c1a010ab77fee7d6cd09ca2","index":6,"age":21,"eyeColor":"green","name":"Selma Quinn","address":"928 Montague Terrace, Stagecoach, Maine, 9012","friends":[{"id":0,"name":"Horton Wilcox"},{"id":1,"name":"Adeline Holcomb"},{"id":2,"name":"Owens Wood"}]}